nombre,precio,descripcion,foto
Mona Lisa,20,una obra muy bonita,https://i2.wp.com/hotbook.com.mx/wp-content/uploads/2014/10/hotbook-113.jpg?w=605&ssl=1
La Última Cena,100,una obra espectacular,https://i0.wp.com/hotbook.com.mx/wp-content/uploads/2014/10/hotbook-27.jpg?w=715&ssl=1
Guernica,300,una obra muy bonita,https://i0.wp.com/hotbook.com.mx/wp-content/uploads/2014/10/hotbook-39.jpg?resize=1024%2C463&ssl=1
Las Meninas,800,una obra espectacular,https://i2.wp.com/hotbook.com.mx/wp-content/uploads/2014/10/hotbook-49.jpg?w=620&ssl=1
La Noche Estrellada,940,una obra muy bonita,https://i1.wp.com/hotbook.com.mx/wp-content/uploads/2014/10/hotbook-59.jpg?resize=1024%2C829&ssl=1
El Grito,1194,una obra espectacular,https://i1.wp.com/hotbook.com.mx/wp-content/uploads/2014/10/hotbook-67.jpg?resize=789%2C1024&ssl=1
Capilla Sixtina,1448,una obra muy bonita,https://i0.wp.com/hotbook.com.mx/wp-content/uploads/2014/10/hotbook-75.jpg?resize=813%2C1024&ssl=1
Nenúfares,1702,una obra espectacular,https://i1.wp.com/hotbook.com.mx/wp-content/uploads/2014/10/hotbook-84.jpg?w=950&ssl=1
La Persistencia de la Memoria,1956,una obra muy bonita,https://i2.wp.com/hotbook.com.mx/wp-content/uploads/2014/10/hotbook-94.jpg?w=1024&ssl=1
El éxtasis de Santa Teresa,2210,una obra espectacular,https://www.vayalista.com/wp-content/uploads/2015/04/Extasis_Santa_Teresa.jpg
El Moises,2464,una obra muy bonita,https://www.vayalista.com/wp-content/uploads/2015/04/moises.jpeg
Venus de Milo,2718,una obra espectacular,https://www.vayalista.com/wp-content/uploads/2015/04/Venus_de_Milo.jpg
Mona Lisa,2972,una obra muy bonita,https://i2.wp.com/hotbook.com.mx/wp-content/uploads/2014/10/hotbook-113.jpg?w=605&ssl=2
La Última Cena,3226,una obra espectacular,https://i0.wp.com/hotbook.com.mx/wp-content/uploads/2014/10/hotbook-27.jpg?w=715&ssl=2
Guernica,3480,una obra muy bonita,https://i0.wp.com/hotbook.com.mx/wp-content/uploads/2014/10/hotbook-39.jpg?resize=1024%2C463&ssl=2
Las Meninas,3734,una obra espectacular,https://i2.wp.com/hotbook.com.mx/wp-content/uploads/2014/10/hotbook-49.jpg?w=620&ssl=2
La Noche Estrellada,3988,una obra muy bonita,https://i1.wp.com/hotbook.com.mx/wp-content/uploads/2014/10/hotbook-59.jpg?resize=1024%2C829&ssl=2
El Grito,4242,una obra espectacular,https://i1.wp.com/hotbook.com.mx/wp-content/uploads/2014/10/hotbook-67.jpg?resize=789%2C1024&ssl=2
Capilla Sixtina,4496,una obra muy bonita,https://i0.wp.com/hotbook.com.mx/wp-content/uploads/2014/10/hotbook-75.jpg?resize=813%2C1024&ssl=2
Nenúfares,4750,una obra espectacular,https://i1.wp.com/hotbook.com.mx/wp-content/uploads/2014/10/hotbook-84.jpg?w=950&ssl=2
La Persistencia de la Memoria,5004,una obra muy bonita,https://i2.wp.com/hotbook.com.mx/wp-content/uploads/2014/10/hotbook-94.jpg?w=1024&ssl=2
El éxtasis de Santa Teresa,5258,una obra espectacular,https://www.vayalista.com/wp-content/uploads/2015/04/Extasis_Santa_Teresa.jpg
El Moises,5512,una obra muy bonita,https://www.vayalista.com/wp-content/uploads/2015/04/moises.jpeg
Venus de Milo,5766,una obra espectacular,https://www.vayalista.com/wp-content/uploads/2015/04/Venus_de_Milo.jpg
Mona Lisa,6020,una obra muy bonita,https://i2.wp.com/hotbook.com.mx/wp-content/uploads/2014/10/hotbook-113.jpg?w=605&ssl=3
